material,time_s,internal_cage_depth_units,rendered_surface_depth_units,minimum_tet_volume_ratio
foam,0.100,0.075473,0.059965,0.934915
foam,0.200,0.151126,0.123436,0.884107
foam,0.300,0.217560,0.180717,0.843913
foam,0.400,0.274094,0.230323,0.811608
foam,0.500,0.320469,0.271509,0.785860
foam,0.600,0.356571,0.303848,0.763369
foam,0.700,0.382320,0.327053,0.744842
foam,0.800,0.397619,0.340905,0.733407
foam,0.900,0.403221,0.346014,0.728604
foam,1.000,0.406641,0.349139,0.725503
foam,1.100,0.409656,0.351887,0.722914
foam,1.200,0.412312,0.354304,0.720785
foam,1.300,0.414647,0.356427,0.719069
foam,1.400,0.416699,0.358291,0.717714
foam,1.500,0.418501,0.359926,0.716674
foam,1.600,0.420082,0.361361,0.715910
foam,1.700,0.421470,0.362620,0.715384
foam,1.800,0.422688,0.363725,0.715067
foam,1.900,0.423759,0.364697,0.714930
foam,2.000,0.424707,0.365561,0.714973
foam,2.100,0.327343,0.282688,0.813353
foam,2.200,0.310873,0.268420,0.823553
foam,2.300,0.295508,0.255155,0.833211
foam,2.400,0.280912,0.242553,0.842298
foam,2.500,0.267040,0.230576,0.850852
foam,2.600,0.253856,0.219191,0.858906
foam,2.700,0.241324,0.208369,0.866495
foam,2.800,0.229412,0.198081,0.873647
foam,2.900,0.218088,0.188302,0.880391
foam,3.000,0.207323,0.179004,0.886753
foam,3.100,0.197089,0.170165,0.892756
foam,3.200,0.187359,0.161762,0.898423
foam,3.300,0.178109,0.153772,0.903775
foam,3.400,0.169314,0.146175,0.908570
foam,3.500,0.160952,0.138953,0.912068
foam,3.600,0.153001,0.132085,0.915015
foam,3.700,0.145441,0.125556,0.917952
foam,3.800,0.138254,0.119348,0.920867
foam,3.900,0.131420,0.113446,0.923750
foam,4.000,0.124922,0.107833,0.926591
foam,4.100,0.118744,0.102498,0.929383
foam,4.200,0.112869,0.097424,0.932118
foam,4.300,0.107284,0.092601,0.934793
foam,4.400,0.101974,0.088015,0.937403
foam,4.500,0.096925,0.083656,0.939945
foam,4.600,0.092125,0.079511,0.942416
foam,4.700,0.087562,0.075570,0.944814
foam,4.800,0.083223,0.071824,0.947138
foam,4.900,0.079099,0.068263,0.949387
foam,5.000,0.075177,0.064877,0.951562
foam,5.100,0.071450,0.061659,0.953662
foam,5.200,0.067906,0.058599,0.955688
foam,5.300,0.064537,0.055691,0.957640
foam,5.400,0.061334,0.052926,0.959520
foam,5.500,0.058290,0.050298,0.961329
foam,5.600,0.055397,0.047801,0.963067
foam,5.700,0.052646,0.045426,0.964738
foam,5.800,0.050031,0.043169,0.966342
foam,5.900,0.047546,0.041024,0.967880
foam,6.000,0.045184,0.038985,0.969356
foam,6.100,0.042939,0.037048,0.970770
foam,6.200,0.040805,0.035206,0.972125
foam,6.300,0.038776,0.033455,0.973422
foam,6.400,0.036849,0.031792,0.974664
foam,6.500,0.035016,0.030210,0.975851
foam,6.600,0.033275,0.028708,0.976987
foam,6.700,0.031620,0.027279,0.978073
foam,6.800,0.030047,0.025922,0.979111
foam,6.900,0.028552,0.024632,0.980102
foam,7.000,0.027131,0.023406,0.981049
foam,7.100,0.025781,0.022241,0.981953
foam,7.200,0.024498,0.021134,0.982816
foam,7.300,0.023279,0.020082,0.983640
foam,7.400,0.022120,0.019082,0.984425
foam,7.500,0.021019,0.018132,0.985175
foam,7.600,0.019972,0.017229,0.985890
foam,7.700,0.018978,0.016371,0.986571
foam,7.800,0.018033,0.015556,0.987221
foam,7.900,0.017135,0.014781,0.987840
foam,8.000,0.016281,0.014045,0.988430
foam,8.100,0.015470,0.013345,0.988992
foam,8.200,0.014700,0.012680,0.989528
foam,8.300,0.013967,0.012049,0.990038
foam,8.400,0.013272,0.011448,0.990524
foam,8.500,0.012610,0.010878,0.990987
foam,8.600,0.011982,0.010336,0.991428
foam,8.700,0.011385,0.009821,0.991847
foam,8.800,0.010818,0.009331,0.992247
foam,8.900,0.010279,0.008866,0.992627
foam,9.000,0.009766,0.008424,0.992989
foam,9.100,0.009280,0.008005,0.993333
foam,9.200,0.008817,0.007606,0.993661
foam,9.300,0.008378,0.007226,0.993973
foam,9.400,0.007960,0.006866,0.994269
foam,9.500,0.007563,0.006524,0.994552
foam,9.600,0.007186,0.006199,0.994820
foam,9.700,0.006828,0.005890,0.995076
foam,9.800,0.006488,0.005596,0.995319
foam,9.900,0.006164,0.005317,0.995550
foam,10.000,0.005857,0.005052,0.995770
foam,10.100,0.005565,0.004800,0.995979
foam,10.200,0.005288,0.004561,0.996178
foam,10.300,0.005024,0.004333,0.996367
foam,10.400,0.004773,0.004117,0.996547
foam,10.500,0.004535,0.003912,0.996718
foam,10.600,0.004309,0.003717,0.996880
foam,10.700,0.004094,0.003532,0.997035
foam,10.800,0.003890,0.003356,0.997182
foam,10.900,0.003696,0.003188,0.997321
foam,11.000,0.003512,0.003029,0.997454
foam,11.100,0.003337,0.002878,0.997581
foam,11.200,0.003170,0.002735,0.997701
foam,11.300,0.003012,0.002598,0.997815
foam,11.400,0.002862,0.002469,0.997923
foam,11.500,0.002719,0.002346,0.998026
foam,11.600,0.002584,0.002229,0.998124
foam,11.700,0.002455,0.002118,0.998218
foam,11.800,0.002333,0.002012,0.998306
foam,11.900,0.002216,0.001912,0.998390
foam,12.000,0.002106,0.001816,0.998470
foam,12.100,0.002001,0.001726,0.998546
foam,12.200,0.001901,0.001640,0.998619
foam,12.300,0.001806,0.001558,0.998687
foam,12.400,0.001716,0.001480,0.998753
foam,12.500,0.001630,0.001406,0.998815
foam,12.600,0.001549,0.001336,0.998874
foam,12.700,0.001472,0.001269,0.998930
foam,12.800,0.001398,0.001206,0.998983
foam,12.900,0.001329,0.001146,0.999034
foam,13.000,0.001262,0.001089,0.999082
foam,13.100,0.001199,0.001034,0.999127
foam,13.200,0.001140,0.000983,0.999171
foam,13.300,0.001083,0.000934,0.999212
foam,13.400,0.001029,0.000887,0.999251
foam,13.500,0.000977,0.000843,0.999289
foam,13.600,0.000929,0.000801,0.999324
foam,13.700,0.000882,0.000761,0.999358
foam,13.800,0.000838,0.000723,0.999390
foam,13.900,0.000797,0.000687,0.999420
foam,14.000,0.000757,0.000653,0.999449
firm,0.100,0.012776,0.009689,0.983518
firm,0.200,0.027769,0.021663,0.969445
firm,0.300,0.043072,0.034176,0.957434
firm,0.400,0.058145,0.046663,0.945912
firm,0.500,0.072517,0.058659,0.932431
firm,0.600,0.085758,0.069753,0.920337
firm,0.700,0.097472,0.079578,0.909977
firm,0.800,0.107295,0.087804,0.901644
firm,0.900,0.115089,0.094302,0.895261
firm,1.000,0.122259,0.100279,0.889451
firm,1.100,0.129164,0.106044,0.883936
firm,1.200,0.135814,0.111605,0.878705
firm,1.300,0.142217,0.116968,0.873747
firm,1.400,0.148382,0.122140,0.869051
firm,1.500,0.154317,0.127127,0.864606
firm,1.600,0.160029,0.131935,0.860402
firm,1.700,0.165528,0.136570,0.856427
firm,1.800,0.170820,0.141039,0.852674
firm,1.900,0.175913,0.145347,0.849130
firm,2.000,0.180814,0.149500,0.845789
firm,2.100,0.124619,0.103006,0.901254
firm,2.200,0.118460,0.097908,0.906211
firm,2.300,0.112604,0.093062,0.910918
firm,2.400,0.107034,0.088454,0.915387
firm,2.500,0.101739,0.084073,0.919631
firm,2.600,0.096704,0.079907,0.923661
firm,2.700,0.091916,0.075947,0.927488
firm,2.800,0.087364,0.072182,0.931122
firm,2.900,0.083036,0.068603,0.934573
firm,3.000,0.078921,0.065200,0.937851
firm,3.100,0.075009,0.061965,0.940964
firm,3.200,0.071290,0.058890,0.943920
firm,3.300,0.067754,0.055967,0.946728
firm,3.400,0.064392,0.053188,0.949394
firm,3.500,0.061197,0.050547,0.951927
firm,3.600,0.058160,0.048036,0.954333
firm,3.700,0.055272,0.045649,0.956618
firm,3.800,0.052527,0.043381,0.958788
firm,3.900,0.049918,0.041225,0.960850
firm,4.000,0.047438,0.039176,0.962808
firm,4.100,0.045081,0.037228,0.964668
firm,4.200,0.042841,0.035377,0.966435
firm,4.300,0.040711,0.033617,0.968113
firm,4.400,0.038687,0.031945,0.969707
firm,4.500,0.036764,0.030356,0.971221
firm,4.600,0.034935,0.028846,0.972660
firm,4.700,0.033198,0.027411,0.974026
firm,4.800,0.031546,0.026046,0.975324
firm,4.900,0.029977,0.024750,0.976557
firm,5.000,0.028485,0.023518,0.977729
firm,5.100,0.027067,0.022347,0.978841
firm,5.200,0.025720,0.021235,0.979898
firm,5.300,0.024440,0.020177,0.980903
firm,5.400,0.023223,0.019173,0.981857
firm,5.500,0.022067,0.018218,0.982763
firm,5.600,0.020968,0.017311,0.983624
firm,5.700,0.019924,0.016448,0.984441
firm,5.800,0.018932,0.015629,0.985218
firm,5.900,0.017989,0.014850,0.985957
firm,6.000,0.017093,0.014111,0.986658
firm,6.100,0.016242,0.013408,0.987324
firm,6.200,0.015433,0.012740,0.987957
firm,6.300,0.014664,0.012105,0.988558
firm,6.400,0.013933,0.011502,0.989129
firm,6.500,0.013239,0.010928,0.989672
firm,6.600,0.012579,0.010384,0.990188
firm,6.700,0.011953,0.009866,0.990677
firm,6.800,0.011357,0.009375,0.991143
firm,6.900,0.010791,0.008907,0.991585
firm,7.000,0.010253,0.008463,0.992005
firm,7.100,0.009742,0.008042,0.992404
firm,7.200,0.009257,0.007641,0.992783
firm,7.300,0.008795,0.007260,0.993143
firm,7.400,0.008357,0.006898,0.993485
firm,7.500,0.007940,0.006554,0.993811
firm,7.600,0.007544,0.006227,0.994119
firm,7.700,0.007168,0.005917,0.994413
firm,7.800,0.006811,0.005622,0.994692
firm,7.900,0.006471,0.005342,0.994957
firm,8.000,0.006149,0.005075,0.995208
firm,8.100,0.005842,0.004822,0.995447
firm,8.200,0.005551,0.004582,0.995675
firm,8.300,0.005274,0.004353,0.995890
firm,8.400,0.005011,0.004136,0.996095
firm,8.500,0.004761,0.003930,0.996290
firm,8.600,0.004524,0.003734,0.996475
firm,8.700,0.004298,0.003548,0.996651
firm,8.800,0.004084,0.003371,0.996818
firm,8.900,0.003880,0.003203,0.996977
firm,9.000,0.003687,0.003043,0.997128
firm,9.100,0.003503,0.002891,0.997271
firm,9.200,0.003328,0.002747,0.997407
firm,9.300,0.003162,0.002610,0.997537
firm,9.400,0.003005,0.002480,0.997660
firm,9.500,0.002855,0.002356,0.997776
firm,9.600,0.002712,0.002239,0.997887
firm,9.700,0.002577,0.002127,0.997993
firm,9.800,0.002449,0.002021,0.998093
firm,9.900,0.002327,0.001920,0.998188
firm,10.000,0.002211,0.001824,0.998278
firm,10.100,0.002100,0.001733,0.998364
firm,10.200,0.001996,0.001647,0.998446
firm,10.300,0.001896,0.001565,0.998523
firm,10.400,0.001801,0.001487,0.998597
firm,10.500,0.001712,0.001413,0.998667
firm,10.600,0.001626,0.001342,0.998734
firm,10.700,0.001545,0.001275,0.998797
firm,10.800,0.001468,0.001212,0.998857
firm,10.900,0.001395,0.001151,0.998914
firm,11.000,0.001325,0.001094,0.998968
firm,11.100,0.001259,0.001039,0.999019
firm,11.200,0.001196,0.000987,0.999068
firm,11.300,0.001137,0.000938,0.999115
firm,11.400,0.001080,0.000891,0.999159
firm,11.500,0.001026,0.000847,0.999201
firm,11.600,0.000975,0.000805,0.999241
firm,11.700,0.000926,0.000764,0.999279
firm,11.800,0.000880,0.000726,0.999315
firm,11.900,0.000836,0.000690,0.999349
firm,12.000,0.000795,0.000656,0.999381
firm,12.100,0.000755,0.000623,0.999412
firm,12.200,0.000717,0.000592,0.999442
firm,12.300,0.000681,0.000562,0.999469
firm,12.400,0.000647,0.000534,0.999496
firm,12.500,0.000615,0.000508,0.999521
firm,12.600,0.000584,0.000482,0.999545
firm,12.700,0.000555,0.000458,0.999568
firm,12.800,0.000528,0.000435,0.999589
firm,12.900,0.000501,0.000414,0.999610
firm,13.000,0.000476,0.000393,0.999629
firm,13.100,0.000453,0.000373,0.999648
firm,13.200,0.000430,0.000355,0.999665
firm,13.300,0.000409,0.000337,0.999682
firm,13.400,0.000388,0.000320,0.999698
firm,13.500,0.000369,0.000304,0.999713
firm,13.600,0.000350,0.000289,0.999727
firm,13.700,0.000333,0.000275,0.999741
firm,13.800,0.000316,0.000261,0.999754
firm,13.900,0.000301,0.000248,0.999766
firm,14.000,0.000286,0.000236,0.999778
fast,0.100,0.075039,0.059621,0.935373
fast,0.200,0.149387,0.121998,0.885835
fast,0.300,0.213938,0.177649,0.847681
fast,0.400,0.268196,0.225242,0.818177
fast,0.500,0.312038,0.264163,0.795886
fast,0.600,0.345457,0.294096,0.775069
fast,0.700,0.368476,0.314846,0.759927
fast,0.800,0.381106,0.326293,0.748974
fast,0.900,0.384212,0.329148,0.747219
fast,1.000,0.385387,0.330250,0.747357
fast,1.100,0.386398,0.331198,0.747011
fast,1.200,0.387266,0.332013,0.746171
fast,1.300,0.388012,0.332714,0.745452
fast,1.400,0.388652,0.333316,0.744847
fast,1.500,0.389201,0.333832,0.744325
fast,1.600,0.389673,0.334276,0.743875
fast,1.700,0.390076,0.334656,0.743488
fast,1.800,0.390421,0.334982,0.743156
fast,1.900,0.390717,0.335261,0.742871
fast,2.000,0.390970,0.335500,0.742627
fast,2.100,0.084123,0.072661,0.950256
fast,2.200,0.049652,0.042759,0.968323
fast,2.300,0.029807,0.025663,0.980342
fast,2.400,0.017890,0.015402,0.987974
fast,2.500,0.010733,0.009239,0.992704
fast,2.600,0.006437,0.005541,0.995595
fast,2.700,0.003860,0.003323,0.997348
fast,2.800,0.002314,0.001992,0.998406
fast,2.900,0.001388,0.001194,0.999043
fast,3.000,0.000832,0.000716,0.999426
fast,3.100,0.000499,0.000429,0.999656
fast,3.200,0.000299,0.000257,0.999793
fast,3.300,0.000179,0.000154,0.999876
fast,3.400,0.000107,0.000093,0.999926
fast,3.500,0.000064,0.000055,0.999955
fast,3.600,0.000039,0.000033,0.999973
fast,3.700,0.000023,0.000020,0.999984
fast,3.800,0.000014,0.000012,0.999990
fast,3.900,0.000008,0.000007,0.999994
fast,4.000,0.000005,0.000004,0.999997
fast,4.100,0.000003,0.000003,0.999998
fast,4.200,0.000002,0.000002,0.999999
fast,4.300,0.000001,0.000001,0.999999
fast,4.400,0.000001,0.000001,1.000000
fast,4.500,0.000000,0.000000,1.000000
fast,4.600,0.000000,0.000000,1.000000
fast,4.700,0.000000,0.000000,1.000000
fast,4.800,0.000000,0.000000,1.000000
fast,4.900,0.000000,0.000000,1.000000
fast,5.000,0.000000,0.000000,1.000000
fast,5.100,0.000000,0.000000,1.000000
fast,5.200,0.000000,0.000000,1.000000
fast,5.300,0.000000,0.000000,1.000000
fast,5.400,0.000000,0.000000,1.000000
fast,5.500,0.000000,0.000000,1.000000
fast,5.600,0.000000,0.000000,1.000000
fast,5.700,0.000000,0.000000,1.000000
fast,5.800,0.000000,0.000000,1.000000
fast,5.900,0.000000,0.000000,1.000000
fast,6.000,0.000000,0.000000,1.000000
fast,6.100,0.000000,0.000000,1.000000
fast,6.200,0.000000,0.000000,1.000000
fast,6.300,0.000000,0.000000,1.000000
fast,6.400,0.000000,0.000000,1.000000
fast,6.500,0.000000,0.000000,1.000000
fast,6.600,0.000000,0.000000,1.000000
fast,6.700,0.000000,0.000000,1.000000
fast,6.800,0.000000,0.000000,1.000000
fast,6.900,0.000000,0.000000,1.000000
fast,7.000,0.000000,0.000000,1.000000
fast,7.100,0.000000,0.000000,1.000000
fast,7.200,0.000000,0.000000,1.000000
fast,7.300,0.000000,0.000000,1.000000
fast,7.400,0.000000,0.000000,1.000000
fast,7.500,0.000000,0.000000,1.000000
fast,7.600,0.000000,0.000000,1.000000
fast,7.700,0.000000,0.000000,1.000000
fast,7.800,0.000000,0.000000,1.000000
fast,7.900,0.000000,0.000000,1.000000
fast,8.000,0.000000,0.000000,1.000000
fast,8.100,0.000000,0.000000,1.000000
fast,8.200,0.000000,0.000000,1.000000
fast,8.300,0.000000,0.000000,1.000000
fast,8.400,0.000000,0.000000,1.000000
fast,8.500,0.000000,0.000000,1.000000
fast,8.600,0.000000,0.000000,1.000000
fast,8.700,0.000000,0.000000,1.000000
fast,8.800,0.000000,0.000000,1.000000
fast,8.900,0.000000,0.000000,1.000000
fast,9.000,0.000000,0.000000,1.000000
fast,9.100,-0.000000,0.000000,1.000000
fast,9.200,0.000000,0.000000,1.000000
fast,9.300,0.000000,0.000000,1.000000
fast,9.400,-0.000000,0.000000,1.000000
fast,9.500,-0.000000,0.000000,1.000000
fast,9.600,0.000000,0.000000,1.000000
fast,9.700,0.000000,0.000000,1.000000
fast,9.800,0.000000,0.000000,1.000000
fast,9.900,-0.000000,0.000000,1.000000
fast,10.000,-0.000000,0.000000,1.000000
fast,10.100,0.000000,0.000000,1.000000
fast,10.200,0.000000,0.000000,1.000000
fast,10.300,-0.000000,0.000000,1.000000
fast,10.400,-0.000000,0.000000,1.000000
fast,10.500,-0.000000,0.000000,1.000000
fast,10.600,0.000000,0.000000,1.000000
fast,10.700,-0.000000,0.000000,1.000000
fast,10.800,0.000000,0.000000,1.000000
fast,10.900,0.000000,0.000000,1.000000
fast,11.000,0.000000,0.000000,1.000000
fast,11.100,-0.000000,0.000000,1.000000
fast,11.200,-0.000000,0.000000,1.000000
fast,11.300,-0.000000,0.000000,1.000000
fast,11.400,0.000000,0.000000,1.000000
fast,11.500,-0.000000,0.000000,1.000000
fast,11.600,0.000000,0.000000,1.000000
fast,11.700,0.000000,0.000000,1.000000
fast,11.800,0.000000,0.000000,1.000000
fast,11.900,0.000000,0.000000,1.000000
fast,12.000,-0.000000,0.000000,1.000000
fast,12.100,0.000000,0.000000,1.000000
fast,12.200,-0.000000,0.000000,1.000000
fast,12.300,0.000000,0.000000,1.000000
fast,12.400,-0.000000,0.000000,1.000000
fast,12.500,0.000000,0.000000,1.000000
fast,12.600,0.000000,0.000000,1.000000
fast,12.700,0.000000,0.000000,1.000000
fast,12.800,-0.000000,0.000000,1.000000
fast,12.900,0.000000,0.000000,1.000000
fast,13.000,-0.000000,0.000000,1.000000
fast,13.100,0.000000,0.000000,1.000000
fast,13.200,-0.000000,0.000000,1.000000
fast,13.300,0.000000,0.000000,1.000000
fast,13.400,0.000000,0.000000,1.000000
fast,13.500,-0.000000,0.000000,1.000000
fast,13.600,-0.000000,0.000000,1.000000
fast,13.700,0.000000,0.000000,1.000000
fast,13.800,0.000000,0.000000,1.000000
fast,13.900,0.000000,0.000000,1.000000
fast,14.000,0.000000,0.000000,1.000000
elastic,0.100,0.074836,0.059521,0.935990
elastic,0.200,0.148705,0.121536,0.887591
elastic,0.300,0.212652,0.176703,0.850818
elastic,0.400,0.266236,0.223733,0.822814
elastic,0.500,0.309378,0.262052,0.802069
elastic,0.600,0.342103,0.291370,0.786516
elastic,0.700,0.364469,0.311533,0.765997
elastic,0.800,0.376514,0.322452,0.755346
elastic,0.900,0.379124,0.324864,0.754748
elastic,1.000,0.379882,0.325599,0.755959
elastic,1.100,0.380535,0.326232,0.757028
elastic,1.200,0.381098,0.326778,0.757972
elastic,1.300,0.381583,0.327249,0.758807
elastic,1.400,0.382001,0.327656,0.759546
elastic,1.500,0.382362,0.328007,0.760199
elastic,1.600,0.382673,0.328309,0.760782
elastic,1.700,0.382942,0.328571,0.761301
elastic,1.800,0.383173,0.328797,0.761761
elastic,1.900,0.383374,0.328993,0.762166
elastic,2.000,0.383547,0.329162,0.762525
elastic,2.100,0.064135,0.056760,0.970247
elastic,2.200,0.036658,0.032162,0.982959
elastic,2.300,0.021996,0.019269,0.989821
elastic,2.400,0.013239,0.011592,0.993885
elastic,2.500,0.007958,0.006966,0.996328
elastic,2.600,0.004779,0.004182,0.997796
elastic,2.700,0.002868,0.002509,0.998678
elastic,2.800,0.001720,0.001505,0.999207
elastic,2.900,0.001032,0.000903,0.999525
elastic,3.000,0.000619,0.000541,0.999715
elastic,3.100,0.000371,0.000324,0.999829
elastic,3.200,0.000222,0.000195,0.999898
elastic,3.300,0.000133,0.000117,0.999939
elastic,3.400,0.000080,0.000070,0.999963
elastic,3.500,0.000048,0.000042,0.999978
elastic,3.600,0.000029,0.000025,0.999987
elastic,3.700,0.000017,0.000015,0.999992
elastic,3.800,0.000010,0.000009,0.999995
elastic,3.900,0.000006,0.000005,0.999997
elastic,4.000,0.000004,0.000003,0.999998
elastic,4.100,0.000002,0.000002,0.999999
elastic,4.200,0.000001,0.000001,0.999999
elastic,4.300,0.000001,0.000001,1.000000
elastic,4.400,0.000000,0.000000,1.000000
elastic,4.500,0.000000,0.000000,1.000000
elastic,4.600,0.000000,0.000000,1.000000
elastic,4.700,0.000000,0.000000,1.000000
elastic,4.800,0.000000,0.000000,1.000000
elastic,4.900,0.000000,0.000000,1.000000
elastic,5.000,0.000000,0.000000,1.000000
elastic,5.100,0.000000,0.000000,1.000000
elastic,5.200,0.000000,0.000000,1.000000
elastic,5.300,0.000000,0.000000,1.000000
elastic,5.400,0.000000,0.000000,1.000000
elastic,5.500,0.000000,0.000000,1.000000
elastic,5.600,0.000000,0.000000,1.000000
elastic,5.700,0.000000,0.000000,1.000000
elastic,5.800,0.000000,0.000000,1.000000
elastic,5.900,0.000000,0.000000,1.000000
elastic,6.000,0.000000,0.000000,1.000000
elastic,6.100,0.000000,0.000000,1.000000
elastic,6.200,0.000000,0.000000,1.000000
elastic,6.300,0.000000,0.000000,1.000000
elastic,6.400,0.000000,0.000000,1.000000
elastic,6.500,0.000000,0.000000,1.000000
elastic,6.600,0.000000,0.000000,1.000000
elastic,6.700,0.000000,0.000000,1.000000
elastic,6.800,0.000000,0.000000,1.000000
elastic,6.900,0.000000,0.000000,1.000000
elastic,7.000,0.000000,0.000000,1.000000
elastic,7.100,0.000000,0.000000,1.000000
elastic,7.200,0.000000,0.000000,1.000000
elastic,7.300,0.000000,0.000000,1.000000
elastic,7.400,0.000000,0.000000,1.000000
elastic,7.500,0.000000,0.000000,1.000000
elastic,7.600,0.000000,0.000000,1.000000
elastic,7.700,0.000000,0.000000,1.000000
elastic,7.800,0.000000,0.000000,1.000000
elastic,7.900,0.000000,0.000000,1.000000
elastic,8.000,0.000000,0.000000,1.000000
elastic,8.100,0.000000,0.000000,1.000000
elastic,8.200,0.000000,0.000000,1.000000
elastic,8.300,0.000000,0.000000,1.000000
elastic,8.400,0.000000,0.000000,1.000000
elastic,8.500,-0.000000,0.000000,1.000000
elastic,8.600,0.000000,0.000000,1.000000
elastic,8.700,0.000000,0.000000,1.000000
elastic,8.800,0.000000,0.000000,1.000000
elastic,8.900,-0.000000,0.000000,1.000000
elastic,9.000,0.000000,0.000000,1.000000
elastic,9.100,-0.000000,0.000000,1.000000
elastic,9.200,0.000000,0.000000,1.000000
elastic,9.300,0.000000,0.000000,1.000000
elastic,9.400,-0.000000,0.000000,1.000000
elastic,9.500,-0.000000,0.000000,1.000000
elastic,9.600,-0.000000,0.000000,1.000000
elastic,9.700,0.000000,0.000000,1.000000
elastic,9.800,0.000000,0.000000,1.000000
elastic,9.900,-0.000000,0.000000,1.000000
elastic,10.000,0.000000,0.000000,1.000000
elastic,10.100,-0.000000,0.000000,1.000000
elastic,10.200,0.000000,0.000000,1.000000
elastic,10.300,-0.000000,0.000000,1.000000
elastic,10.400,0.000000,0.000000,1.000000
elastic,10.500,-0.000000,0.000000,1.000000
elastic,10.600,0.000000,0.000000,1.000000
elastic,10.700,0.000000,0.000000,1.000000
elastic,10.800,-0.000000,0.000000,1.000000
elastic,10.900,0.000000,0.000000,1.000000
elastic,11.000,-0.000000,0.000000,1.000000
elastic,11.100,0.000000,0.000000,1.000000
elastic,11.200,-0.000000,0.000000,1.000000
elastic,11.300,-0.000000,0.000000,1.000000
elastic,11.400,-0.000000,0.000000,1.000000
elastic,11.500,-0.000000,0.000000,1.000000
elastic,11.600,-0.000000,0.000000,1.000000
elastic,11.700,0.000000,0.000000,1.000000
elastic,11.800,-0.000000,0.000000,1.000000
elastic,11.900,0.000000,0.000000,1.000000
elastic,12.000,-0.000000,0.000000,1.000000
elastic,12.100,-0.000000,0.000000,1.000000
elastic,12.200,-0.000000,0.000000,1.000000
elastic,12.300,0.000000,0.000000,1.000000
elastic,12.400,0.000000,0.000000,1.000000
elastic,12.500,0.000000,0.000000,1.000000
elastic,12.600,-0.000000,0.000000,1.000000
elastic,12.700,0.000000,0.000000,1.000000
elastic,12.800,-0.000000,0.000000,1.000000
elastic,12.900,-0.000000,0.000000,1.000000
elastic,13.000,-0.000000,0.000000,1.000000
elastic,13.100,0.000000,0.000000,1.000000
elastic,13.200,-0.000000,0.000000,1.000000
elastic,13.300,0.000000,0.000000,1.000000
elastic,13.400,-0.000000,0.000000,1.000000
elastic,13.500,0.000000,0.000000,1.000000
elastic,13.600,0.000000,0.000000,1.000000
elastic,13.700,-0.000000,0.000000,1.000000
elastic,13.800,0.000000,0.000000,1.000000
elastic,13.900,0.000000,0.000000,1.000000
elastic,14.000,-0.000000,0.000000,1.000000