material,time_s,displacement,minimum_tet_volume_ratio
foam,0.100,0.032096,0.971783
foam,0.200,0.067896,0.940804
foam,0.300,0.104317,0.909842
foam,0.400,0.141249,0.876851
foam,0.500,0.178590,0.840314
foam,0.600,0.216254,0.802313
foam,0.700,0.254163,0.763446
foam,0.800,0.292251,0.724333
foam,0.900,0.316194,0.699887
foam,1.000,0.319709,0.692288
foam,1.100,0.322789,0.685003
foam,1.200,0.325493,0.678078
foam,1.300,0.327867,0.671542
foam,1.400,0.329952,0.665410
foam,1.500,0.331785,0.659682
foam,1.600,0.333396,0.654352
foam,1.700,0.334815,0.649406
foam,1.800,0.336063,0.644828
foam,1.900,0.337163,0.640601
foam,2.000,0.338133,0.636703
foam,2.100,0.266420,0.779248
foam,2.200,0.253062,0.790877
foam,2.300,0.240566,0.801676
foam,2.400,0.228682,0.806959
foam,2.500,0.217384,0.811608
foam,2.600,0.206644,0.816532
foam,2.700,0.196433,0.821667
foam,2.800,0.186725,0.826953
foam,2.900,0.177495,0.832341
foam,3.000,0.168720,0.837788
foam,3.100,0.160377,0.843257
foam,3.200,0.152445,0.848717
foam,3.300,0.144903,0.854142
foam,3.400,0.137733,0.859509
foam,3.500,0.130916,0.864799
foam,3.600,0.124434,0.869997
foam,3.700,0.118272,0.875090
foam,3.800,0.112414,0.880068
foam,3.900,0.106844,0.884922
foam,4.000,0.101549,0.889646
foam,4.100,0.096516,0.894235
foam,4.200,0.091730,0.898687
foam,4.300,0.087181,0.902998
foam,4.400,0.082856,0.907167
foam,4.500,0.078745,0.911195
foam,4.600,0.074837,0.915081
foam,4.700,0.071122,0.918827
foam,4.800,0.067591,0.922435
foam,4.900,0.064234,0.925906
foam,5.000,0.061044,0.929243
foam,5.100,0.058011,0.932450
foam,5.200,0.055129,0.935528
foam,5.300,0.052389,0.938481
foam,5.400,0.049785,0.941312
foam,5.500,0.047310,0.944026
foam,5.600,0.044958,0.946625
foam,5.700,0.042722,0.949114
foam,5.800,0.040597,0.951495
foam,5.900,0.038578,0.953774
foam,6.000,0.036659,0.955952
foam,6.100,0.034835,0.958034
foam,6.200,0.033101,0.960024
foam,6.300,0.031454,0.961924
foam,6.400,0.029888,0.963739
foam,6.500,0.028401,0.965471
foam,6.600,0.026987,0.967125
foam,6.700,0.025643,0.968703
foam,6.800,0.024366,0.970208
foam,6.900,0.023153,0.971644
foam,7.000,0.022000,0.973013
foam,7.100,0.020904,0.974318
foam,7.200,0.019863,0.975562
foam,7.300,0.018874,0.976747
foam,7.400,0.017933,0.977877
foam,7.500,0.017040,0.978953
foam,7.600,0.016191,0.979978
foam,7.700,0.015384,0.980955
foam,7.800,0.014618,0.981885
foam,7.900,0.013889,0.982771
foam,8.000,0.013197,0.983614
foam,8.100,0.012540,0.984416
foam,8.200,0.011915,0.985180
foam,8.300,0.011321,0.985908
foam,8.400,0.010757,0.986600
foam,8.500,0.010220,0.987258
foam,8.600,0.009711,0.987885
foam,8.700,0.009227,0.988482
foam,8.800,0.008767,0.989049
foam,8.900,0.008330,0.989589
foam,9.000,0.007915,0.990102
foam,9.100,0.007520,0.990591
foam,9.200,0.007145,0.991055
foam,9.300,0.006789,0.991497
foam,9.400,0.006450,0.991917
foam,9.500,0.006129,0.992317
foam,9.600,0.005823,0.992697
foam,9.700,0.005533,0.993059
foam,9.800,0.005257,0.993402
foam,9.900,0.004995,0.993729
foam,10.000,0.004746,0.994040
foam,10.100,0.004509,0.994335
foam,10.200,0.004284,0.994616
foam,10.300,0.004071,0.994883
foam,10.400,0.003868,0.995137
foam,10.500,0.003675,0.995378
foam,10.600,0.003492,0.995608
foam,10.700,0.003317,0.995826
foam,10.800,0.003152,0.996033
foam,10.900,0.002995,0.996230
foam,11.000,0.002845,0.996417
foam,11.100,0.002704,0.996595
foam,11.200,0.002569,0.996765
foam,11.300,0.002441,0.996925
foam,11.400,0.002319,0.997078
foam,11.500,0.002203,0.997224
foam,11.600,0.002093,0.997362
foam,11.700,0.001989,0.997493
foam,11.800,0.001890,0.997618
foam,11.900,0.001796,0.997736
foam,12.000,0.001706,0.997849
foam,12.100,0.001621,0.997956
foam,12.200,0.001540,0.998058
foam,12.300,0.001463,0.998154
foam,12.400,0.001390,0.998246
foam,12.500,0.001321,0.998333
foam,12.600,0.001255,0.998416
foam,12.700,0.001192,0.998495
foam,12.800,0.001133,0.998570
foam,12.900,0.001076,0.998641
foam,13.000,0.001023,0.998709
foam,13.100,0.000972,0.998773
foam,13.200,0.000923,0.998835
foam,13.300,0.000877,0.998893
foam,13.400,0.000833,0.998948
foam,13.500,0.000792,0.999000
foam,13.600,0.000752,0.999050
foam,13.700,0.000715,0.999097
foam,13.800,0.000679,0.999142
foam,13.900,0.000645,0.999185
foam,14.000,0.000613,0.999226
firm,0.100,0.004794,0.992434
firm,0.200,0.010683,0.983349
firm,0.300,0.017241,0.973443
firm,0.400,0.024456,0.962763
firm,0.500,0.032319,0.951356
firm,0.600,0.040819,0.939270
firm,0.700,0.049949,0.926553
firm,0.800,0.059698,0.913252
firm,0.900,0.067866,0.902746
firm,1.000,0.073016,0.896999
firm,1.100,0.078020,0.891591
firm,1.200,0.082881,0.886507
firm,1.300,0.087603,0.881732
firm,1.400,0.092191,0.877254
firm,1.500,0.096648,0.873058
firm,1.600,0.100977,0.869133
firm,1.700,0.105183,0.865465
firm,1.800,0.109268,0.862044
firm,1.900,0.113237,0.858857
firm,2.000,0.117092,0.855894
firm,2.100,0.079677,0.910295
firm,2.200,0.075729,0.914612
firm,2.300,0.071974,0.918729
firm,2.400,0.068404,0.922654
firm,2.500,0.065011,0.926396
firm,2.600,0.061785,0.929963
firm,2.700,0.058718,0.933362
firm,2.800,0.055803,0.936601
firm,2.900,0.053032,0.939686
firm,3.000,0.050398,0.942625
firm,3.100,0.047894,0.945424
firm,3.200,0.045514,0.948090
firm,3.300,0.043252,0.950628
firm,3.400,0.041103,0.953044
firm,3.500,0.039059,0.955345
firm,3.600,0.037117,0.957534
firm,3.700,0.035271,0.959619
firm,3.800,0.033517,0.961602
firm,3.900,0.031850,0.963490
firm,4.000,0.030265,0.965286
firm,4.100,0.028759,0.966995
firm,4.200,0.027328,0.968621
firm,4.300,0.025968,0.970168
firm,4.400,0.024676,0.971639
firm,4.500,0.023447,0.973039
firm,4.600,0.022280,0.974370
firm,4.700,0.021171,0.975636
firm,4.800,0.020117,0.976841
firm,4.900,0.019115,0.977986
firm,5.000,0.018163,0.979075
firm,5.100,0.017258,0.980111
firm,5.200,0.016399,0.981095
firm,5.300,0.015582,0.982032
firm,5.400,0.014805,0.982922
firm,5.500,0.014068,0.983768
firm,5.600,0.013367,0.984573
firm,5.700,0.012701,0.985338
firm,5.800,0.012068,0.986066
firm,5.900,0.011467,0.986757
firm,6.000,0.010895,0.987415
firm,6.100,0.010352,0.988039
firm,6.200,0.009836,0.988633
firm,6.300,0.009346,0.989198
firm,6.400,0.008880,0.989735
firm,6.500,0.008438,0.990245
firm,6.600,0.008017,0.990730
firm,6.700,0.007617,0.991190
firm,6.800,0.007238,0.991628
firm,6.900,0.006877,0.992045
firm,7.000,0.006534,0.992440
firm,7.100,0.006208,0.992816
firm,7.200,0.005899,0.993174
firm,7.300,0.005605,0.993513
firm,7.400,0.005325,0.993836
firm,7.500,0.005060,0.994143
firm,7.600,0.004807,0.994435
firm,7.700,0.004568,0.994712
firm,7.800,0.004340,0.994975
firm,7.900,0.004124,0.995225
firm,8.000,0.003918,0.995463
firm,8.100,0.003723,0.995689
firm,8.200,0.003537,0.995903
firm,8.300,0.003361,0.996108
firm,8.400,0.003193,0.996301
firm,8.500,0.003034,0.996486
firm,8.600,0.002882,0.996661
firm,8.700,0.002739,0.996827
firm,8.800,0.002602,0.996985
firm,8.900,0.002472,0.997135
firm,9.000,0.002349,0.997278
firm,9.100,0.002232,0.997414
firm,9.200,0.002121,0.997543
firm,9.300,0.002015,0.997665
firm,9.400,0.001914,0.997781
firm,9.500,0.001819,0.997892
firm,9.600,0.001728,0.997997
firm,9.700,0.001642,0.998097
firm,9.800,0.001560,0.998192
firm,9.900,0.001482,0.998282
firm,10.000,0.001408,0.998368
firm,10.100,0.001338,0.998449
firm,10.200,0.001271,0.998526
firm,10.300,0.001208,0.998600
firm,10.400,0.001148,0.998670
firm,10.500,0.001090,0.998736
firm,10.600,0.001036,0.998799
firm,10.700,0.000984,0.998859
firm,10.800,0.000935,0.998916
firm,10.900,0.000889,0.998970
firm,11.000,0.000844,0.999021
firm,11.100,0.000802,0.999070
firm,11.200,0.000762,0.999116
firm,11.300,0.000724,0.999160
firm,11.400,0.000688,0.999202
firm,11.500,0.000654,0.999242
firm,11.600,0.000621,0.999280
firm,11.700,0.000590,0.999316
firm,11.800,0.000561,0.999350
firm,11.900,0.000533,0.999382
firm,12.000,0.000506,0.999413
firm,12.100,0.000481,0.999442
firm,12.200,0.000457,0.999470
firm,12.300,0.000434,0.999497
firm,12.400,0.000412,0.999522
firm,12.500,0.000392,0.999546
firm,12.600,0.000372,0.999568
firm,12.700,0.000354,0.999590
firm,12.800,0.000336,0.999610
firm,12.900,0.000319,0.999630
firm,13.000,0.000303,0.999648
firm,13.100,0.000288,0.999666
firm,13.200,0.000274,0.999682
firm,13.300,0.000260,0.999698
firm,13.400,0.000247,0.999713
firm,13.500,0.000235,0.999728
firm,13.600,0.000223,0.999741
firm,13.700,0.000212,0.999754
firm,13.800,0.000202,0.999766
firm,13.900,0.000191,0.999778
firm,14.000,0.000182,0.999789
fast,0.100,0.031920,0.972027
fast,0.200,0.067122,0.941931
fast,0.300,0.102584,0.912529
fast,0.400,0.138250,0.880044
fast,0.500,0.174069,0.845120
fast,0.600,0.209994,0.808850
fast,0.700,0.245984,0.771703
fast,0.800,0.282000,0.734184
fast,0.900,0.303697,0.711634
fast,1.000,0.305055,0.708769
fast,1.100,0.306215,0.706329
fast,1.200,0.307210,0.704285
fast,1.300,0.308062,0.702566
fast,1.400,0.308793,0.701119
fast,1.500,0.309420,0.699897
fast,1.600,0.309956,0.698865
fast,1.700,0.310416,0.697992
fast,1.800,0.310811,0.697253
fast,1.900,0.311149,0.696628
fast,2.000,0.311438,0.696098
fast,2.100,0.071014,0.926891
fast,2.200,0.042072,0.954123
fast,2.300,0.025275,0.971777
fast,2.400,0.015163,0.982822
fast,2.500,0.009094,0.989610
fast,2.600,0.005453,0.993738
fast,2.700,0.003269,0.996234
fast,2.800,0.001960,0.997738
fast,2.900,0.001175,0.998642
fast,3.000,0.000705,0.999186
fast,3.100,0.000422,0.999512
fast,3.200,0.000253,0.999707
fast,3.300,0.000152,0.999824
fast,3.400,0.000091,0.999895
fast,3.500,0.000055,0.999937
fast,3.600,0.000033,0.999962
fast,3.700,0.000020,0.999977
fast,3.800,0.000012,0.999986
fast,3.900,0.000007,0.999992
fast,4.000,0.000004,0.999995
fast,4.100,0.000003,0.999997
fast,4.200,0.000002,0.999998
fast,4.300,0.000001,0.999999
fast,4.400,0.000001,0.999999
fast,4.500,0.000000,1.000000
fast,4.600,0.000000,1.000000
fast,4.700,0.000000,1.000000
fast,4.800,0.000000,1.000000
fast,4.900,0.000000,1.000000
fast,5.000,0.000000,1.000000
fast,5.100,0.000000,1.000000
fast,5.200,0.000000,1.000000
fast,5.300,0.000000,1.000000
fast,5.400,0.000000,1.000000
fast,5.500,0.000000,1.000000
fast,5.600,0.000000,1.000000
fast,5.700,0.000000,1.000000
fast,5.800,0.000000,1.000000
fast,5.900,0.000000,1.000000
fast,6.000,0.000000,1.000000
fast,6.100,0.000000,1.000000
fast,6.200,0.000000,1.000000
fast,6.300,0.000000,1.000000
fast,6.400,0.000000,1.000000
fast,6.500,0.000000,1.000000
fast,6.600,0.000000,1.000000
fast,6.700,0.000000,1.000000
fast,6.800,0.000000,1.000000
fast,6.900,0.000000,1.000000
fast,7.000,0.000000,1.000000
fast,7.100,0.000000,1.000000
fast,7.200,0.000000,1.000000
fast,7.300,0.000000,1.000000
fast,7.400,0.000000,1.000000
fast,7.500,0.000000,1.000000
fast,7.600,0.000000,1.000000
fast,7.700,0.000000,1.000000
fast,7.800,0.000000,1.000000
fast,7.900,0.000000,1.000000
fast,8.000,0.000000,1.000000
fast,8.100,0.000000,1.000000
fast,8.200,0.000000,1.000000
fast,8.300,0.000000,1.000000
fast,8.400,0.000000,1.000000
fast,8.500,0.000000,1.000000
fast,8.600,0.000000,1.000000
fast,8.700,0.000000,1.000000
fast,8.800,-0.000000,1.000000
fast,8.900,0.000000,1.000000
fast,9.000,-0.000000,1.000000
fast,9.100,0.000000,1.000000
fast,9.200,0.000000,1.000000
fast,9.300,-0.000000,1.000000
fast,9.400,-0.000000,1.000000
fast,9.500,0.000000,1.000000
fast,9.600,0.000000,1.000000
fast,9.700,-0.000000,1.000000
fast,9.800,0.000000,1.000000
fast,9.900,0.000000,1.000000
fast,10.000,0.000000,1.000000
fast,10.100,0.000000,1.000000
fast,10.200,-0.000000,1.000000
fast,10.300,-0.000000,1.000000
fast,10.400,-0.000000,1.000000
fast,10.500,0.000000,1.000000
fast,10.600,-0.000000,1.000000
fast,10.700,-0.000000,1.000000
fast,10.800,-0.000000,1.000000
fast,10.900,0.000000,1.000000
fast,11.000,0.000000,1.000000
fast,11.100,-0.000000,1.000000
fast,11.200,-0.000000,1.000000
fast,11.300,-0.000000,1.000000
fast,11.400,-0.000000,1.000000
fast,11.500,0.000000,1.000000
fast,11.600,-0.000000,1.000000
fast,11.700,-0.000000,1.000000
fast,11.800,-0.000000,1.000000
fast,11.900,0.000000,1.000000
fast,12.000,0.000000,1.000000
fast,12.100,0.000000,1.000000
fast,12.200,0.000000,1.000000
fast,12.300,-0.000000,1.000000
fast,12.400,-0.000000,1.000000
fast,12.500,0.000000,1.000000
fast,12.600,-0.000000,1.000000
fast,12.700,0.000000,1.000000
fast,12.800,0.000000,1.000000
fast,12.900,-0.000000,1.000000
fast,13.000,0.000000,1.000000
fast,13.100,0.000000,1.000000
fast,13.200,0.000000,1.000000
fast,13.300,0.000000,1.000000
fast,13.400,-0.000000,1.000000
fast,13.500,-0.000000,1.000000
fast,13.600,0.000000,1.000000
fast,13.700,-0.000000,1.000000
fast,13.800,-0.000000,1.000000
fast,13.900,-0.000000,1.000000
fast,14.000,0.000000,1.000000
elastic,0.100,0.031901,0.972568
elastic,0.200,0.066985,0.943774
elastic,0.300,0.102273,0.916446
elastic,0.400,0.137719,0.887065
elastic,0.500,0.173280,0.856233
elastic,0.600,0.208917,0.825026
elastic,0.700,0.244594,0.793860
elastic,0.800,0.280279,0.759025
elastic,0.900,0.301606,0.737185
elastic,1.000,0.302673,0.737862
elastic,1.100,0.303581,0.738453
elastic,1.200,0.304359,0.738971
elastic,1.300,0.305027,0.739428
elastic,1.400,0.305600,0.739834
elastic,1.500,0.306092,0.740196
elastic,1.600,0.306515,0.740521
elastic,1.700,0.306879,0.740813
elastic,1.800,0.307192,0.741077
elastic,1.900,0.307461,0.741315
elastic,2.000,0.307692,0.741530
elastic,2.100,0.061779,0.959407
elastic,2.200,0.035655,0.977592
elastic,2.300,0.021541,0.986853
elastic,2.400,0.012956,0.992188
elastic,2.500,0.007777,0.995338
elastic,2.600,0.004666,0.997213
elastic,2.700,0.002798,0.998332
elastic,2.800,0.001678,0.999001
elastic,2.900,0.001006,0.999401
elastic,3.000,0.000603,0.999641
elastic,3.100,0.000362,0.999785
elastic,3.200,0.000217,0.999871
elastic,3.300,0.000130,0.999923
elastic,3.400,0.000078,0.999954
elastic,3.500,0.000047,0.999972
elastic,3.600,0.000028,0.999983
elastic,3.700,0.000017,0.999990
elastic,3.800,0.000010,0.999994
elastic,3.900,0.000006,0.999996
elastic,4.000,0.000004,0.999998
elastic,4.100,0.000002,0.999999
elastic,4.200,0.000001,0.999999
elastic,4.300,0.000001,1.000000
elastic,4.400,0.000000,1.000000
elastic,4.500,0.000000,1.000000
elastic,4.600,0.000000,1.000000
elastic,4.700,0.000000,1.000000
elastic,4.800,0.000000,1.000000
elastic,4.900,0.000000,1.000000
elastic,5.000,0.000000,1.000000
elastic,5.100,0.000000,1.000000
elastic,5.200,0.000000,1.000000
elastic,5.300,0.000000,1.000000
elastic,5.400,0.000000,1.000000
elastic,5.500,0.000000,1.000000
elastic,5.600,0.000000,1.000000
elastic,5.700,0.000000,1.000000
elastic,5.800,0.000000,1.000000
elastic,5.900,0.000000,1.000000
elastic,6.000,0.000000,1.000000
elastic,6.100,0.000000,1.000000
elastic,6.200,0.000000,1.000000
elastic,6.300,0.000000,1.000000
elastic,6.400,0.000000,1.000000
elastic,6.500,0.000000,1.000000
elastic,6.600,0.000000,1.000000
elastic,6.700,0.000000,1.000000
elastic,6.800,0.000000,1.000000
elastic,6.900,0.000000,1.000000
elastic,7.000,0.000000,1.000000
elastic,7.100,0.000000,1.000000
elastic,7.200,0.000000,1.000000
elastic,7.300,0.000000,1.000000
elastic,7.400,0.000000,1.000000
elastic,7.500,0.000000,1.000000
elastic,7.600,0.000000,1.000000
elastic,7.700,0.000000,1.000000
elastic,7.800,0.000000,1.000000
elastic,7.900,0.000000,1.000000
elastic,8.000,0.000000,1.000000
elastic,8.100,0.000000,1.000000
elastic,8.200,0.000000,1.000000
elastic,8.300,0.000000,1.000000
elastic,8.400,0.000000,1.000000
elastic,8.500,0.000000,1.000000
elastic,8.600,0.000000,1.000000
elastic,8.700,-0.000000,1.000000
elastic,8.800,0.000000,1.000000
elastic,8.900,-0.000000,1.000000
elastic,9.000,0.000000,1.000000
elastic,9.100,0.000000,1.000000
elastic,9.200,0.000000,1.000000
elastic,9.300,0.000000,1.000000
elastic,9.400,-0.000000,1.000000
elastic,9.500,-0.000000,1.000000
elastic,9.600,-0.000000,1.000000
elastic,9.700,0.000000,1.000000
elastic,9.800,-0.000000,1.000000
elastic,9.900,0.000000,1.000000
elastic,10.000,0.000000,1.000000
elastic,10.100,-0.000000,1.000000
elastic,10.200,-0.000000,1.000000
elastic,10.300,-0.000000,1.000000
elastic,10.400,0.000000,1.000000
elastic,10.500,-0.000000,1.000000
elastic,10.600,0.000000,1.000000
elastic,10.700,-0.000000,1.000000
elastic,10.800,0.000000,1.000000
elastic,10.900,-0.000000,1.000000
elastic,11.000,0.000000,1.000000
elastic,11.100,-0.000000,1.000000
elastic,11.200,0.000000,1.000000
elastic,11.300,-0.000000,1.000000
elastic,11.400,0.000000,1.000000
elastic,11.500,-0.000000,1.000000
elastic,11.600,0.000000,1.000000
elastic,11.700,-0.000000,1.000000
elastic,11.800,-0.000000,1.000000
elastic,11.900,-0.000000,1.000000
elastic,12.000,0.000000,1.000000
elastic,12.100,0.000000,1.000000
elastic,12.200,0.000000,1.000000
elastic,12.300,-0.000000,1.000000
elastic,12.400,-0.000000,1.000000
elastic,12.500,0.000000,1.000000
elastic,12.600,-0.000000,1.000000
elastic,12.700,-0.000000,1.000000
elastic,12.800,-0.000000,1.000000
elastic,12.900,0.000000,1.000000
elastic,13.000,0.000000,1.000000
elastic,13.100,0.000000,1.000000
elastic,13.200,-0.000000,1.000000
elastic,13.300,0.000000,1.000000
elastic,13.400,-0.000000,1.000000
elastic,13.500,-0.000000,1.000000
elastic,13.600,-0.000000,1.000000
elastic,13.700,-0.000000,1.000000
elastic,13.800,0.000000,1.000000
elastic,13.900,0.000000,1.000000
elastic,14.000,-0.000000,1.000000